var,n_elems,n_fail,missing,max_rel,max_abs,scale,err_su_scala,agg_rel,worst,scenario,fino_a,strict,practical
PV residential power by Type,3,0,0,0.0016874628936724657,0.2663486084095439,455.90631103515625,0.0005842178578418603,,PV residential power by Type[MFH] @ 2032,base,2050,True,True
"""Capacity PV < 30 kW total""",1,0,0,0.0011244652662181665,30.938380136747583,45946.00390625,0.0006733638947116151,,"""Capacity PV < 30 kW total"" @ 2032",base,2050,True,True
"""Capacity PV 30 - 100 kW total""",1,0,0,0.0022343012234811803,197.17139523581136,132246.421875,0.0014909393573020735,,"""Capacity PV 30 - 100 kW total"" @ 2031",base,2050,True,True
"""Capacity PV > 100 kW total""",1,0,0,0.002165233332690347,599.8721578419209,411957.5625,0.0014561503719012826,,"""Capacity PV > 100 kW total"" @ 2031",base,2050,True,True
Share of buildings with PV by Type,3,0,0,0.001693454959924457,0.0004957829269198188,0.5857977867126465,0.0008463379995032604,,Share of buildings with PV by Type[MFH] @ 2031,base,2050,True,True
Share of buildings with PV by District,8,0,0,0.0019043789041530137,0.0005078612622659295,0.6898092031478882,0.0007362343963350243,,Share of buildings with PV by District[Leventina] @ 2032,base,2050,True,True
Battery residential Type,3,0,0,0.005882324502280486,0.27998141359162787,170.9317169189453,0.0016379722771075493,,Battery residential Type[MFH] @ 2030,base,2050,True,True
"""Total Battery capacity < 100 kW""",1,0,0,0.004496780785959424,0.043357654251195754,13.550551414489746,0.0031996966710028467,,"""Total Battery capacity < 100 kW"" @ 2031",base,2050,True,True
"""Total Battery capacity > 100 kW""",1,0,0,0.004496726872620582,0.06622244001552247,20.69658088684082,0.0031996801973038762,,"""Total Battery capacity > 100 kW"" @ 2031",base,2050,True,True
Total Battery capacity District,8,0,0,0.004414814769694068,0.23298809203974713,115.82933044433594,0.0020114775000941074,,Total Battery capacity District[Leventina] @ 2031,base,2050,True,True
Batteries by Type,3,0,0,0.003988679967522548,0.0006855279959282756,0.41468748450279236,0.0016531195696687575,,Batteries by Type[MFH] @ 2030,base,2050,True,True
Electricity price,8,1,0,0.010448465683386553,0.0029446177295754383,0.34769999980926514,0.008468845933824395,,Electricity price[Mendrisio] @ 2027,base,2050,False,True
Levy Evolution,1,0,0,0.0014035450358113313,3.055824788206901e-05,0.023000000044703484,0.001328619470551091,,Levy Evolution @ 2031,base,2050,True,True
Cantonal Levy Evolution,1,0,0,0.0030611534091754856,1.04611249092724e-05,0.003417380154132843,0.0030611534091754856,,Cantonal Levy Evolution @ 2031,base,2050,True,True
Total PV electricity production,1,0,0,0.001565872558311488,1.4932336417050465,1507.385498046875,0.0009906116541785993,,Total PV electricity production @ 2032,base,2050,True,True
Total PV electricity injected in the grid,1,0,0,0.0012282632524391436,0.6415930930753575,811.8768310546875,0.0007902591483512112,,Total PV electricity injected in the grid @ 2032,base,2050,True,True
Total PV electricity SC,1,0,0,0.0019803841018719522,0.851579513473439,695.5086059570312,0.0012243982406251487,,Total PV electricity SC @ 2031,base,2050,True,True
Total annual demand Districts,8,0,0,0.00014424277397399418,109637.70712041855,1301445120.0,8.424305061777676e-05,,Total annual demand Districts[Vallemaggia] @ 2050,base,2050,True,True
Total PV electricity production District,8,0,0,0.002272750040545447,0.4236083010518428,540.1405029296875,0.0007842557607774615,,Total PV electricity production District[Leventina] @ 2034,base,2050,True,True
PV electricity SC by District,8,0,0,0.002807955307171315,0.2494416960266932,247.0358428955078,0.001009738882839779,,PV electricity SC by District[Leventina] @ 2032,base,2050,True,True
Specific final consumption,1,0,0,0.00012982355793623705,0.006383412220309026,105.92044067382812,6.0266103310182913e-05,,Specific final consumption @ 2050,base,2050,True,True
Specific net final consumption,1,0,0,0.0002732927202713965,0.006466621771771486,102.16909790039062,6.32933235651752e-05,,Specific net final consumption @ 2047,base,2050,True,True
Annual consumption Oil,1,0,0,0.0003787773642238509,0.0183089233131426,2029.7293701171875,9.020376599312609e-06,,Annual consumption Oil @ 2050,base,2050,True,True
Annual consumption Gas,1,0,0,0.0011063859935586538,0.036067248965196086,344.60809326171875,0.00010466164222615681,,Annual consumption Gas @ 2047,base,2050,True,True
Annual consumption Wood,1,0,0,0.0014109721289283918,0.3827103440934252,347.16107177734375,0.0011023999382594413,,Annual consumption Wood @ 2047,base,2050,True,True
Annual consumption Electricity EH,1,0,0,3.356300443542616e-05,0.00147734078480255,384.13079833984375,3.845931623258009e-06,,Annual consumption Electricity EH @ 2037,base,2050,True,True
Annual consumption Electricity HP,1,0,0,0.0004004775814248172,0.1695088208737161,440.8733215332031,0.00038448418762156833,,Annual consumption Electricity HP @ 2040,base,2050,True,True
Annual consumption Ambient Heat,1,0,0,0.000400517733990375,0.4068699982219641,1058.095947265625,0.0003845303436549533,,Annual consumption Ambient Heat @ 2040,base,2050,True,True
Annual consumption Solar,1,0,0,0.00028803263999885775,0.005733070145488739,24.03849983215332,0.0002384953381250656,,Annual consumption Solar @ 2047,base,2050,True,True
Annual consumption DH,1,0,0,0.00022230836334832148,0.0181587289409606,107.95064544677734,0.0001682132502849495,,Annual consumption DH @ 2047,base,2050,True,True
Building area by Performance,5,0,0,0.001000983583615239,0.002546170738802367,16.318178176879883,0.00015603278204241348,,Building area by Performance[VeryHigh] @ 2050,base,2050,True,True
Annual incentives Renovation,1,0,0,0.0029250878390062462,0.012940762991081378,15.466665267944336,0.0008366873380199122,,Annual incentives Renovation @ 2050,base,2050,True,True
Annual incentives Heating Technologies,1,0,0,0.0039886533513170275,0.03152404084794114,30.34148597717285,0.0010389748501987664,,Annual incentives Heating Technologies @ 2047,base,2050,True,True
Annual cantonal funds needed,1,0,0,0.005236354488482576,0.03152693912547022,27.684316635131836,0.0011388014210710925,,Annual cantonal funds needed @ 2046,base,2050,True,True
Cumulative CO2 emissions,1,0,0,5.196068687841724e-05,0.049490813137367695,952.4664916992188,5.196068687841724e-05,,Cumulative CO2 emissions @ 2050,base,2050,True,True
Adoption vehicles smooth,7,0,0,0.002836094681051825,7.227088248179825,8178.4296875,0.0008836767600051371,,Adoption vehicles smooth[BEV] @ 2028,base,2050,True,True
Vehicles by type,7,0,0,0.0017756977769598017,52.06270765657973,160461.0,0.000324457080889311,,Vehicles by type[BEV] @ 2030,base,2050,True,True
Annual CO2 emissions vehicles flow,1,0,0,0.0003225285605810385,0.08533542902210911,608.0114135742188,0.00014035168932185249,,Annual CO2 emissions vehicles flow @ 2050,base,2050,True,True
EV by district,8,0,0,0.0022013913281678063,19.298191524536378,24369.0,0.0007919156110031753,,EV by district[Mendrisio] @ 2030,base,2050,True,True
Cumulative CO2 emissions vehicles,1,0,0,0.00013946037407527615,1.4033027177774784,10062.3759765625,0.00013946037407527615,,Cumulative CO2 emissions vehicles @ 2050,base,2050,True,True
Electricity dispatched,2592,1445,0,1.2509424502645703,0.022301521652025258,0.43586909770965576,0.05116564071463701,0.015200906471428844,"Electricity dispatched[M5,H21,Import] @ 2023",base,2050,False,True
Hourly exported electricity,2592,537,0,0.5924600502585834,0.021386321415496373,1.7982302904129028,0.011892982522603224,0.011748281016229599,"Hourly exported electricity[M10,H14,RoR] @ 2046",base,2050,False,True
Electricity consumed,2592,1363,0,1.0419336518393083,0.022301521652025258,0.6459428668022156,0.034525532826812484,0.015200906471428844,"Electricity consumed[M8,H3,Import] @ 2022",base,2050,False,True
Hourly available supply by Supplier,2592,35,0,0.01835382186335852,0.010120101979967489,10.0,0.0010120101979967488,3.310718067671435e-06,"Hourly available supply by Supplier[M5,H22,PHS] @ 2045",base,2050,False,True
PHS hourly demand,288,217,0,0.259396804289049,0.03371347389275606,0.4300493597984314,0.07839442874315151,1.978647609078704e-06,"PHS hourly demand[M10,H14] @ 2049",base,2050,False,True
Power by Type,3,0,0,0.0018726297823627093,0.266505937397028,411.4110412597656,0.000647785087587758,,Power by Type[MFH] @ 2031,base,2050,True,True
Annual CO2 emissions,1,0,0,0.0006485886126728093,0.004007708146791522,99.91364288330078,4.011172079345089e-05,,Annual CO2 emissions @ 2047,base,2050,True,True
Electricity and heating and retrofit annual cost,2640,0,0,0.009568220212537998,60522.66952724755,84750208.0,0.0007141300411586902,,"Electricity and heating and retrofit annual cost[Mendrisio,ElectricHeater,VeryLow,MFH,PVno] @ 2027",base,2050,True,True
Average levy minus incentives archetype,2640,588,0,0.06328878138877965,0.8360337172648542,577.294189453125,0.0014481935424585427,,"Average levy minus incentives archetype[Leventina,HPST,VeryLow,SFH,PVno] @ 2033",base,2050,False,True
Average tax minus incentives archetype,2640,0,0,2.894919983759059e-06,45542.71740150452,15731943424.0,2.894919983759059e-06,,"Average tax minus incentives archetype[Mendrisio,OilST,High,MFH,PVyes] @ 2013",base,2050,True,True
Batteries,2640,0,0,0.006323077777882612,2.707284391614394,3462.49853515625,0.0007818875196988997,,"Batteries[Locarno,HeatPump,High,MFH,Byes] @ 2031",base,2050,True,True
HeatPumps,120,0,0,0.0015280981628668497,2.2586380411439677,8225.517578125,0.0002745891695801132,,"HeatPumps[Locarno,MFH,VeryHigh] @ 2050",base,2050,True,True
Total annual electricity consumed,1,0,0,0.0005644850039630108,1.773691676596627,3673.78759765625,0.0004827964680724006,,Total annual electricity consumed @ 2027,base,2050,True,True
Total annual electricity demand,1,0,0,9.120531982049235e-05,0.2746184609040938,3011.307373046875,9.119575881296758e-05,,Total annual electricity demand @ 2050,base,2050,True,True
Total annual electricity dispatched,1,0,0,0.0006151558338586097,1.7736980694212434,3144.22998046875,0.0005641120657328049,,Total annual electricity dispatched @ 2027,base,2050,True,True
PV residential power by Type,3,0,0,0.0014916595761812297,0.22786235679370748,350.7586975097656,0.0006496271037936657,,PV residential power by Type[MFH] @ 2044,low,2050,True,True
"""Capacity PV < 30 kW total""",1,0,0,0.0008966342587071785,26.674028340570658,34095.78515625,0.0007823262675527834,,"""Capacity PV < 30 kW total"" @ 2044",low,2050,True,True
"""Capacity PV 30 - 100 kW total""",1,0,0,0.002300162375881204,198.71994462699513,91395.8828125,0.00217427676730988,,"""Capacity PV 30 - 100 kW total"" @ 2043",low,2050,True,True
"""Capacity PV > 100 kW total""",1,0,0,0.002237194583677447,609.3162762687425,287666.75,0.002118132444117169,,"""Capacity PV > 100 kW total"" @ 2043",low,2050,True,True
Share of buildings with PV by Type,3,0,0,0.0014995591560612908,0.00046416473133265024,0.44684144854545593,0.0010387682987860337,,Share of buildings with PV by Type[MFH] @ 2043,low,2050,True,True
Share of buildings with PV by District,8,0,0,0.0015168503181589676,0.00038901516244749246,0.5539469718933105,0.0007022606534302281,,Share of buildings with PV by District[Leventina] @ 2043,low,2050,True,True
Battery residential Type,3,0,0,0.00689331496088963,0.32185197045586733,119.9498062133789,0.0026832220961101375,,Battery residential Type[MFH] @ 2043,low,2050,True,True
"""Total Battery capacity < 100 kW""",1,0,0,0.005451649450908576,0.04628369307508606,9.361482620239258,0.0049440558672855985,,"""Total Battery capacity < 100 kW"" @ 2043",low,2050,True,True
"""Total Battery capacity > 100 kW""",1,0,0,0.005451632156168094,0.07069237353054802,14.298361778259277,0.004944089024103173,,"""Total Battery capacity > 100 kW"" @ 2043",low,2050,True,True
Total Battery capacity District,8,0,0,0.004274507730380446,0.2499089963751686,81.2022476196289,0.0030776118112617176,,Total Battery capacity District[Leventina] @ 2043,low,2050,True,True
Batteries by Type,3,0,0,0.00534096760745428,0.0010169715196431672,0.38749074935913086,0.0026245052851587595,,Batteries by Type[MFH] @ 2047,low,2050,True,True
Electricity price,8,1,0,0.010806832325161952,0.0027366216167476476,0.34769999980926514,0.007870640259559542,,Electricity price[Mendrisio] @ 2039,low,2050,False,True
Levy Evolution,1,0,0,0.0004229291182894339,2.0587127517388004e-06,0.023000000044703484,8.950924990162718e-05,,Levy Evolution @ 2046,low,2050,True,True
Cantonal Levy Evolution,1,0,0,0.0002787848267375913,1.6327883250018488e-08,0.0020000000949949026,8.163941237242843e-06,,Cantonal Levy Evolution @ 2041,low,2050,True,True
Total PV electricity production,1,0,0,0.0014352829987720227,1.4148294433339288,1090.6453857421875,0.0012972405713440331,,Total PV electricity production @ 2043,low,2050,True,True
Total PV electricity injected in the grid,1,0,0,0.001028489434866419,0.542918514830717,606.4468383789062,0.0008952450247444492,,Total PV electricity injected in the grid @ 2043,low,2050,True,True
Total PV electricity SC,1,0,0,0.001963481141370526,0.8798216002987829,484.19854736328125,0.001817067822879436,,Total PV electricity SC @ 2044,low,2050,True,True
Total annual demand Districts,8,0,0,0.00022905302942204816,185492.6418249607,1237171328.0,0.0001499328650986654,,Total annual demand Districts[Leventina] @ 2047,low,2050,True,True
Total PV electricity production District,8,0,0,0.0020701927952562244,0.4065407826045657,404.8389587402344,0.0010042037057639587,,Total PV electricity production District[Leventina] @ 2043,low,2050,True,True
PV electricity SC by District,8,0,0,0.0027283165567808907,0.25908678134322827,177.51223754882812,0.0014595432118980614,,PV electricity SC by District[Leventina] @ 2044,low,2050,True,True
Specific final consumption,1,0,0,8.004249550532829e-05,0.004519844707246534,105.92044067382812,4.267207234498735e-05,,Specific final consumption @ 2047,low,2050,True,True
Specific net final consumption,1,0,0,0.000349212505596648,0.012644081317027656,102.16909790039062,0.0001237564153630382,,Specific net final consumption @ 2047,low,2050,True,True
Annual consumption Oil,1,0,0,0.0004096885712555023,0.19584630283884508,2029.7293701171875,9.648887468556352e-05,,Annual consumption Oil @ 2047,low,2050,True,True
Annual consumption Gas,1,0,0,0.0013240763186369872,0.3153222615778759,364.9310302734375,0.0008640598782230427,,Annual consumption Gas @ 2047,low,2050,True,True
Annual consumption Wood,1,0,0,0.0030538688025027374,0.6034208220572168,347.1871643066406,0.0017380274505893513,,Annual consumption Wood @ 2047,low,2050,True,True
Annual consumption Electricity EH,1,0,0,3.3525413306373947e-06,0.00018784951856787302,384.13079833984375,4.890248826174072e-07,,Annual consumption Electricity EH @ 2037,low,2050,True,True
Annual consumption Electricity HP,1,0,0,0.0008014575405107459,0.2661416989869281,346.1446838378906,0.0007688741483361038,,Annual consumption Electricity HP @ 2047,low,2050,True,True
Annual consumption Ambient Heat,1,0,0,0.0008015493673024681,0.6388133197560819,830.747314453125,0.0007689622447670603,,Annual consumption Ambient Heat @ 2047,low,2050,True,True
Annual consumption Solar,1,0,0,0.0002774848127536063,0.004788313004013389,20.881067276000977,0.0002293136141329659,,Annual consumption Solar @ 2048,low,2050,True,True
Annual consumption DH,1,0,0,5.723376797812669e-05,0.00397174848984605,96.59917449951172,4.1115760154514836e-05,,Annual consumption DH @ 2049,low,2050,True,True
Building area by Performance,5,0,0,0.0004775321528512157,0.0015494171007794932,16.318178176879883,9.495037276739367e-05,,Building area by Performance[VeryHigh] @ 2050,low,2050,True,True
Annual incentives Renovation,1,0,0,4.736179505756896e-07,3.359598002461439e-06,15.476517677307129,2.1707712758843304e-07,,Annual incentives Renovation @ 2015,low,2050,True,True
Annual incentives Heating Technologies,1,0,0,0.00036452687266124757,0.00012557795913245573,23.6492919921875,5.310009245686517e-06,,Annual incentives Heating Technologies @ 2035,low,2050,True,True
Annual cantonal funds needed,1,0,0,0.00013801762919652042,0.00012557795913245573,37.6761360168457,3.333090184097103e-06,,Annual cantonal funds needed @ 2028,low,2050,True,True
Cumulative CO2 emissions,1,0,0,5.676176356095699e-05,0.09780318625212203,1723.0469970703125,5.676176356095699e-05,,Cumulative CO2 emissions @ 2050,low,2050,True,True
Adoption vehicles smooth,7,0,0,0.0030582285271593315,8.334244946431681,8178.44873046875,0.001019049604771931,,Adoption vehicles smooth[BEV] @ 2029,low,2050,True,True
Vehicles by type,7,0,0,0.002075352874167943,72.7899457800595,160461.0,0.00045363013928655246,,Vehicles by type[BEV] @ 2043,low,2050,True,True
Annual CO2 emissions vehicles flow,1,0,0,0.0004116926473939287,0.13078597226029842,611.3643798828125,0.0002139247502207566,,Annual CO2 emissions vehicles flow @ 2048,low,2050,True,True
EV by district,8,0,0,0.002648510674920892,27.949632281040977,17289.09375,0.001616604819500211,,EV by district[Mendrisio] @ 2043,low,2050,True,True
Cumulative CO2 emissions vehicles,1,0,0,0.00019419024267809722,2.022252432467212,10413.76953125,0.00019419024267809722,,Cumulative CO2 emissions vehicles @ 2050,low,2050,True,True
Electricity dispatched,2592,1474,0,2.2956896487295024,0.08875313401222229,0.3385705053806305,0.2621407730494525,0.010556307182092349,"Electricity dispatched[M12,H4,Import] @ 2046",low,2050,False,True
Hourly exported electricity,2592,520,0,1.0,0.06113643850564596,1.792123556137085,0.034113964015642595,0.019596293629604324,"Hourly exported electricity[M9,H12,Waste] @ 2047",low,2050,False,True
Electricity consumed,2592,1419,0,2.2956896487295024,0.08875313401222229,0.4856553375720978,0.1827492197572038,0.010556307182092349,"Electricity consumed[M12,H4,Import] @ 2046",low,2050,False,True
Hourly available supply by Supplier,2592,54,0,0.1114860222158343,0.016679667836962606,10.0,0.0016679667836962606,3.309773708869177e-06,"Hourly available supply by Supplier[M9,H14,Hydro] @ 2050",low,2050,False,True
PHS hourly demand,288,294,0,0.4888940060467687,0.09384097505930292,0.40671831369400024,0.23072719348926438,1.9806209931444737e-06,"PHS hourly demand[M9,H14] @ 2050",low,2050,False,True
Power by Type,3,0,0,0.0015876754570264334,0.21691412329613513,324.2701721191406,0.0006689302376428208,,Power by Type[MFH] @ 2043,low,2050,True,True
Annual CO2 emissions,1,0,0,0.00018049859177356886,0.009252482826994424,102.87435913085938,8.993964001491352e-05,,Annual CO2 emissions @ 2048,low,2050,True,True
Electricity and heating and retrofit annual cost,2640,0,0,0.007300098154453409,37722.57599905506,84750208.0,0.000445103049175467,,"Electricity and heating and retrofit annual cost[Mendrisio,HeatPump,VeryLow,MFH,PVyes] @ 2039",low,2050,True,True
Average levy minus incentives archetype,2640,0,0,0.0036563214408066053,0.18630492268206922,565.5795288085938,0.0003294053500743296,,"Average levy minus incentives archetype[Leventina,ElectricHeater,VeryHigh,SFH,PVyes] @ 2050",low,2050,True,True
Average tax minus incentives archetype,2640,0,0,0.0016942662837128965,0.19526856813527615,5076.82421875,3.846273964225505e-05,,"Average tax minus incentives archetype[Mendrisio,HeatPump,Low,DFH,PVno] @ 2050",low,2050,True,True
Batteries,2640,0,0,0.008080523749793489,2.8059440076640385,2653.97265625,0.0010572618376666963,,"Batteries[Locarno,HeatPump,Moderate,MFH,Byes] @ 2043",low,2050,True,True
HeatPumps,120,0,0,0.0020457537419764104,3.877136901324775,6824.19482421875,0.0005681456935498084,,"HeatPumps[Vallemaggia,SFH,VeryLow] @ 2047",low,2050,True,True
Total annual electricity consumed,1,0,0,0.0005860038976125508,1.8268683430164856,3539.1015625,0.0005161955119835546,,Total annual electricity consumed @ 2019,low,2050,True,True
Total annual electricity demand,1,0,0,0.0001557878816743925,0.4471089763906093,2937.755859375,0.000152194054847611,,Total annual electricity demand @ 2047,low,2050,True,True
Total annual electricity dispatched,1,0,0,0.0005958485313282849,1.7778454533799959,3144.22998046875,0.0005654311117264234,,Total annual electricity dispatched @ 2019,low,2050,True,True
PV residential power by Type,3,0,0,0.003269718317641175,0.43240636503628593,393.9490051269531,0.0010976201473003838,,PV residential power by Type[MFH] @ 2030,mid,2050,True,True
"""Capacity PV < 30 kW total""",1,0,0,0.0019331973923670575,53.28509806540387,40007.80078125,0.001331867711418329,,"""Capacity PV < 30 kW total"" @ 2030",mid,2050,True,True
"""Capacity PV 30 - 100 kW total""",1,0,0,0.002862709653812317,240.24337833977188,112494.578125,0.0021355996203907884,,"""Capacity PV 30 - 100 kW total"" @ 2030",mid,2050,True,True
"""Capacity PV > 100 kW total""",1,0,0,0.0027734420861162306,738.8132983094547,353225.78125,0.0020916177060885323,,"""Capacity PV > 100 kW total"" @ 2030",mid,2050,True,True
Share of buildings with PV by Type,3,0,0,0.002717090522512778,0.000686805548486491,0.42373207211494446,0.0016208486297921377,,Share of buildings with PV by Type[MFH] @ 2029,mid,2050,True,True
Share of buildings with PV by District,8,0,0,0.0029208832195738547,0.0006465651648590864,0.4743681848049164,0.001363002801558005,,Share of buildings with PV by District[Blenio] @ 2031,mid,2050,True,True
Battery residential Type,3,0,0,0.009157647751952288,0.28037192745401285,86.73892974853516,0.003232365539520019,,Battery residential Type[MFH] @ 2029,mid,2050,True,True
"""Total Battery capacity < 100 kW""",1,0,0,0.006474778708097778,0.03509426067131116,7.50846529006958,0.00467395923341692,,"""Total Battery capacity < 100 kW"" @ 2029",mid,2050,True,True
"""Total Battery capacity > 100 kW""",1,0,0,0.0064747517852745,0.0536010371220641,11.468135833740234,0.004673910206431744,,"""Total Battery capacity > 100 kW"" @ 2029",mid,2050,True,True
Total Battery capacity District,8,0,0,0.0070933054964511634,0.17200142875049806,51.74064254760742,0.0033243002073705735,,Total Battery capacity District[Leventina] @ 2030,mid,2050,True,True
Batteries by Type,3,0,0,0.005461250641006068,0.0007550963017586287,0.3438555896282196,0.002195969251437928,,Batteries by Type[MFH] @ 2029,mid,2050,True,True
Electricity price,8,1,0,0.010899593128416709,0.002906860738864925,0.34769999980926514,0.008360255221338847,,Electricity price[Mendrisio] @ 2040,mid,2050,False,True
Levy Evolution,1,0,0,0.0020331056074868463,5.1189033780141974e-05,0.02517775446176529,0.0020331056074868463,,Levy Evolution @ 2031,mid,2050,True,True
Cantonal Levy Evolution,1,0,0,0.002640262137560658,2.3385452546187055e-05,0.013901988044381142,0.0016821660665748384,,Cantonal Levy Evolution @ 2031,mid,2050,True,True
Total PV electricity production,1,0,0,0.002290489638813805,2.140669698824695,1303.3720703125,0.0016424087546324682,,Total PV electricity production @ 2030,mid,2050,True,True
Total PV electricity injected in the grid,1,0,0,0.0019070515428573568,1.041517838032405,749.2191162109375,0.0013901378321734823,,Total PV electricity injected in the grid @ 2030,mid,2050,True,True
Total PV electricity SC,1,0,0,0.002810890861658755,1.099182378370358,554.1529541015625,0.00198353608012871,,Total PV electricity SC @ 2030,mid,2050,True,True
Total annual demand Districts,8,0,0,0.0002604814931335658,223516.47888946533,1317425664.0,0.0001696615490325421,,Total annual demand Districts[Leventina] @ 2047,mid,2050,True,True
Total PV electricity production District,8,0,0,0.003717439584566667,0.6295274203425265,461.9195251464844,0.0013628508562024742,,Total PV electricity production District[Leventina] @ 2031,mid,2050,True,True
PV electricity SC by District,8,0,0,0.004558393957883712,0.31551576734119635,193.05459594726562,0.0016343344005515514,,PV electricity SC by District[Leventina] @ 2031,mid,2050,True,True
Specific final consumption,1,0,0,0.00022507460713363977,0.011002094363263382,105.92044067382812,0.00010387130466293356,,Specific final consumption @ 2050,mid,2050,True,True
Specific net final consumption,1,0,0,0.0006376671136066174,0.014881699538456417,102.16909790039062,0.00014565754072689644,,Specific net final consumption @ 2047,mid,2050,True,True
Annual consumption Oil,1,0,0,0.0018355926602270298,0.06083050330948225,2029.7293701171875,2.996976060210932e-05,,Annual consumption Oil @ 2047,mid,2050,True,True
Annual consumption Gas,1,0,0,0.002921466322759519,0.07678101269107884,344.60809326171875,0.0002228067598887358,,Annual consumption Gas @ 2047,mid,2050,True,True
Annual consumption Wood,1,0,0,0.0028843804689975723,0.8064352103577903,347.16107177734375,0.0023229425068574737,,Annual consumption Wood @ 2047,mid,2050,True,True
Annual consumption Electricity EH,1,0,0,4.179086802356727e-05,0.0015238796795102871,384.13079833984375,3.967085394080008e-06,,Annual consumption Electricity EH @ 2037,mid,2050,True,True
Annual consumption Electricity HP,1,0,0,0.000842586699733225,0.3678384647479902,446.9026184082031,0.0008230841565846559,,Annual consumption Electricity HP @ 2047,mid,2050,True,True
Annual consumption Ambient Heat,1,0,0,0.0008426798277028005,0.8829099716451765,1072.5662841796875,0.0008231752057360608,,Annual consumption Ambient Heat @ 2047,mid,2050,True,True
Annual consumption Solar,1,0,0,0.0007115853898187129,0.014350523424798922,24.02212142944336,0.000597387847986224,,Annual consumption Solar @ 2047,mid,2050,True,True
Annual consumption DH,1,0,0,0.0005425288498386499,0.037424300010599154,107.16756439208984,0.00034921293791539677,,Annual consumption DH @ 2050,mid,2050,True,True
Building area by Performance,5,0,0,0.0016757161856767783,0.004290409483551194,16.318178176879883,0.0002629220883021111,,Building area by Performance[VeryHigh] @ 2050,mid,2050,True,True
Annual incentives Renovation,1,0,0,0.0037553535029370903,0.014150889783378418,15.466665267944336,0.0009149283014941205,,Annual incentives Renovation @ 2041,mid,2050,True,True
Annual incentives Heating Technologies,1,0,0,0.0060986342933870155,0.027781755822717358,30.335683822631836,0.000915811095116665,,Annual incentives Heating Technologies @ 2047,mid,2050,True,True
Annual cantonal funds needed,1,0,0,0.007096206726710715,0.038795246462811406,27.67851448059082,0.0014016375947493874,,Annual cantonal funds needed @ 2047,mid,2050,True,True
Cumulative CO2 emissions,1,0,0,9.511330921079034e-05,0.08994500617586709,945.66162109375,9.511330921079034e-05,,Cumulative CO2 emissions @ 2050,mid,2050,True,True
Adoption vehicles smooth,7,0,0,0.0023865577134559645,10.129898811821477,8178.4296875,0.0012386117138482127,,Adoption vehicles smooth[BEV] @ 2029,mid,2050,True,True
Vehicles by type,7,0,0,0.001542160535218958,77.86234109118232,160461.0,0.00048524152966254925,,Vehicles by type[BEV] @ 2029,mid,2050,True,True
Annual CO2 emissions vehicles flow,1,0,0,0.0004444094597478574,0.12352114254667867,605.056884765625,0.00020414798287028146,,Annual CO2 emissions vehicles flow @ 2047,mid,2050,True,True
EV by district,8,0,0,0.0019154648027864582,28.98701674239055,31876.244140625,0.0009093611096248242,,EV by district[Mendrisio] @ 2029,mid,2050,True,True
Cumulative CO2 emissions vehicles,1,0,0,0.00020827618101230594,2.001884548610178,9611.6826171875,0.00020827618101230594,,Cumulative CO2 emissions vehicles @ 2050,mid,2050,True,True
Electricity dispatched,2592,1521,0,1.787835611749494,0.08560717532577655,0.4040682315826416,0.21186316724399018,0.016150029949732855,"Electricity dispatched[M12,H8,Import] @ 2024",mid,2050,False,True
Hourly exported electricity,2592,603,0,1.0,0.06690685451030731,1.820508599281311,0.03675173769391717,0.030352640349002345,"Hourly exported electricity[M10,H14,RoR] @ 2047",mid,2050,False,True
Electricity consumed,2592,1457,0,1.7408871528251708,0.08560717532577655,0.5611964464187622,0.1525440438407496,0.016150029949732855,"Electricity consumed[M10,H13,Import] @ 2050",mid,2050,False,True
Hourly available supply by Supplier,2592,50,0,0.023126934390061065,0.01745023703545229,10.0,0.001745023703545229,3.2303129883353402e-06,"Hourly available supply by Supplier[M9,H18,Hydro] @ 2048",mid,2050,False,True
PHS hourly demand,288,229,0,0.9389919448903448,0.08801708343405801,0.35049426555633545,0.25112274888249464,1.9851315863072797e-06,"PHS hourly demand[M10,H14] @ 2047",mid,2050,False,True
Power by Type,3,0,0,0.0035146582507225273,0.43239920935695864,345.51495361328125,0.001251463083826244,,Power by Type[MFH] @ 2029,mid,2050,True,True
Annual CO2 emissions,1,0,0,0.0023159769394039574,0.010142438699944023,99.91400146484375,0.000101511685562036,,Annual CO2 emissions @ 2047,mid,2050,True,True
Electricity and heating and retrofit annual cost,2640,0,0,0.014562200456209689,53906.6444789581,84750208.0,0.0006360650404416482,,"Electricity and heating and retrofit annual cost[Locarno,ElectricHeater,VeryLow,MFH,PVyes] @ 2028",mid,2050,True,True
Average levy minus incentives archetype,2640,240,0,0.02613759812196543,1.8521447905680475,1951.10986328125,0.000949277549882932,,"Average levy minus incentives archetype[Vallemaggia,HeatPump,Low,SFH,PVno] @ 2031",mid,2050,False,True
Average tax minus incentives archetype,2640,0,0,2.894919983759059e-06,45542.71740150452,15731943424.0,2.894919983759059e-06,,"Average tax minus incentives archetype[Mendrisio,OilST,High,MFH,PVyes] @ 2013",mid,2050,True,True
Batteries,2640,0,0,0.008798132327443534,2.6533680291759083,2786.006591796875,0.0009523911526227153,,"Batteries[Leventina,ElectricHeater,Low,SFH,Byes] @ 2030",mid,2050,True,True
HeatPumps,120,0,0,0.002792294216933195,4.650222790061889,8299.783203125,0.0005602824406679691,,"HeatPumps[Locarno,MFH,Low] @ 2050",mid,2050,True,True
Total annual electricity consumed,1,0,0,0.0005864807727362987,1.7984859583630168,3710.918212890625,0.0004846471560908058,,Total annual electricity consumed @ 2024,mid,2050,True,True
Total annual electricity demand,1,0,0,0.0001811455230589502,0.5510844394034393,3048.03515625,0.0001807998960489153,,Total annual electricity demand @ 2047,mid,2050,True,True
Total annual electricity dispatched,1,0,0,0.0006127921101185973,1.798620095744809,3144.22998046875,0.0005720383390901534,,Total annual electricity dispatched @ 2024,mid,2050,True,True
PV residential power by Type,3,0,0,0.0028177202259569256,0.4530899798678547,377.79705810546875,0.001199294621667929,,PV residential power by Type[MFH] @ 2029,high,2029,True,True
"""Capacity PV < 30 kW total""",1,0,0,0.0015041375039620884,59.45013001138432,39524.3984375,0.0015041375039620884,,"""Capacity PV < 30 kW total"" @ 2029",high,2029,True,True
"""Capacity PV 30 - 100 kW total""",1,0,0,0.0026292774398766054,366.4254708220833,139363.5625,0.0026292774398766054,,"""Capacity PV 30 - 100 kW total"" @ 2029",high,2029,True,True
"""Capacity PV > 100 kW total""",1,0,0,0.002545012372965523,1111.3645129117067,436683.34375,0.002545012372965523,,"""Capacity PV > 100 kW total"" @ 2029",high,2029,True,True
Share of buildings with PV by Type,3,0,0,0.0025005960423039137,0.0009712988431628267,0.43942373991012573,0.0022103922818587,,Share of buildings with PV by Type[MFH] @ 2028,high,2029,True,True
Share of buildings with PV by District,8,0,0,0.0022223768268718794,0.0005956341605843907,0.49134767055511475,0.0012122458216021564,,Share of buildings with PV by District[Vallemaggia] @ 2029,high,2029,True,True
Battery residential Type,3,0,0,0.006178298551982318,0.31987966594587647,91.85525512695312,0.0034824318489320057,,Battery residential Type[MFH] @ 2028,high,2029,True,True
"""Total Battery capacity < 100 kW""",1,0,0,0.006289432388170798,0.034335742546034,6.059423923492432,0.005666502786331564,,"""Total Battery capacity < 100 kW"" @ 2028",high,2029,True,True
"""Total Battery capacity > 100 kW""",1,0,0,0.0062894588529925025,0.052443285223887415,9.254926681518555,0.005666526276065807,,"""Total Battery capacity > 100 kW"" @ 2028",high,2029,True,True
Total Battery capacity District,8,0,0,0.0077688157954127965,0.19214464293973066,51.030452728271484,0.00376529371516393,,Total Battery capacity District[Vallemaggia] @ 2028,high,2029,True,True
Batteries by Type,3,0,0,0.004059344366227543,0.000707483034056211,0.31144648790359497,0.0022716038277343013,,Batteries by Type[MFH] @ 2028,high,2029,True,True
Electricity price,8,0,0,0.007203559389729031,0.001970568476809764,0.34769999980926514,0.005667438820508319,,Electricity price[Mendrisio] @ 2027,high,2029,True,True
Levy Evolution,1,0,0,4.3047800782005015e-08,3.3527612630646075e-10,0.023000000044703484,1.4577222854556875e-08,,Levy Evolution @ 2011,high,2029,True,True
Cantonal Levy Evolution,1,0,0,4.749744902856495e-08,9.499490256914545e-11,0.0020000000949949026,4.749744902856495e-08,,Cantonal Levy Evolution @ 2011,high,2029,True,True
Total PV electricity production,1,0,0,0.00199036259782919,2.8232294867409564,1418.4498291015625,0.00199036259782919,,Total PV electricity production @ 2029,high,2029,True,True
Total PV electricity injected in the grid,1,0,0,0.001656708129923577,1.3343377442949986,805.4151000976562,0.001656708129923577,,Total PV electricity injected in the grid @ 2029,high,2029,True,True
Total PV electricity SC,1,0,0,0.0024287233202353706,1.4888917424459578,613.0347290039062,0.0024287233202353706,,Total PV electricity SC @ 2029,high,2029,True,True
Total annual demand Districts,8,0,0,3.770133011436829e-05,31243.836837530136,1235225216.0,2.529404065981287e-05,,Total annual demand Districts[Vallemaggia] @ 2029,high,2029,True,True
Total PV electricity production District,8,0,0,0.0032607285031829377,0.8426221358184875,493.0188293457031,0.0017091074126656606,,Total PV electricity production District[Leventina] @ 2029,high,2029,True,True
PV electricity SC by District,8,0,0,0.004340306674756574,0.4262174283525155,205.9076385498047,0.0020699447157683883,,PV electricity SC by District[Blenio] @ 2029,high,2029,True,True
Specific final consumption,1,0,0,1.2213090477623133e-05,0.0007615486954080097,105.92044067382812,7.189818042327884e-06,,Specific final consumption @ 2029,high,2029,True,True
Specific net final consumption,1,0,0,3.974736269402168e-05,0.0020673585194543875,102.16909790039062,2.0234675277939235e-05,,Specific net final consumption @ 2028,high,2029,True,True
Annual consumption Oil,1,0,0,7.594916298774817e-06,0.006307504280584908,2029.7293701171875,3.1075592507294414e-06,,Annual consumption Oil @ 2028,high,2029,True,True
Annual consumption Gas,1,0,0,3.244309045952554e-05,0.009459175691006294,344.60809326171875,2.7449081655265578e-05,,Annual consumption Gas @ 2028,high,2029,True,True
Annual consumption Wood,1,0,0,0.00033589231872332216,0.09903784197507548,347.16107177734375,0.0002852792263488421,,Annual consumption Wood @ 2029,high,2029,True,True
Annual consumption Electricity EH,1,0,0,7.245721088830123e-06,0.0009253464453422566,384.13079833984375,2.4089358347246995e-06,,Annual consumption Electricity EH @ 2029,high,2029,True,True
Annual consumption Electricity HP,1,0,0,0.0001790629271608923,0.03901203742054804,217.8677520751953,0.0001790629271608923,,Annual consumption Electricity HP @ 2029,high,2029,True,True
Annual consumption Ambient Heat,1,0,0,0.00017910961008650459,0.09365330387186077,522.8826293945312,0.00017910961008650459,,Annual consumption Ambient Heat @ 2029,high,2029,True,True
Annual consumption Solar,1,0,0,0.0001002459766845864,0.002048793974445573,20.437667846679688,0.0001002459766845864,,Annual consumption Solar @ 2029,high,2029,True,True
Annual consumption DH,1,0,0,2.2709430262522065e-05,0.002009380364512481,90.22908782958984,2.2269762588174167e-05,,Annual consumption DH @ 2028,high,2029,True,True
Building area by Performance,5,0,0,0.00015527286256174076,0.00023661093567972635,16.318178176879883,1.4499837734028685e-05,,Building area by Performance[VeryHigh] @ 2029,high,2029,True,True
Annual incentives Renovation,1,0,0,0.000824747724697916,0.04915980507821871,71.43708801269531,0.0006881552208494608,,Annual incentives Renovation @ 2029,high,2029,True,True
Annual incentives Heating Technologies,1,0,0,0.0007609440151240323,0.0424988469027241,57.18404769897461,0.0007431941006772446,,Annual incentives Heating Technologies @ 2027,high,2029,True,True
Annual cantonal funds needed,1,0,0,0.00047210824807572294,0.04248994053381239,91.2655258178711,0.0004655639701085495,,Annual cantonal funds needed @ 2029,high,2029,True,True
Cumulative CO2 emissions,1,0,0,3.846774872729717e-06,0.0010494327739252185,272.8084716796875,3.846774872729717e-06,,Cumulative CO2 emissions @ 2029,high,2029,True,True
Adoption vehicles smooth,7,0,0,0.0011595047463526915,4.3327322276809355,8178.4296875,0.0005297755673443192,,Adoption vehicles smooth[BEV] @ 2028,high,2029,True,True
Vehicles by type,7,0,0,0.0007415768452789176,16.36688630858407,160461.0,0.00010199915436513589,,Vehicles by type[BEV] @ 2029,high,2029,True,True
Annual CO2 emissions vehicles flow,1,0,0,5.382524615128905e-05,0.028586475218958185,602.5419311523438,4.744313008106737e-05,,Annual CO2 emissions vehicles flow @ 2029,high,2029,True,True
EV by district,8,0,0,0.000942594840806326,6.172237048211173,9681.0244140625,0.0006375603225672564,,EV by district[Mendrisio] @ 2029,high,2029,True,True
Cumulative CO2 emissions vehicles,1,0,0,1.2711826599173347e-05,0.022062188172867536,1735.56396484375,1.2711826599173347e-05,,Cumulative CO2 emissions vehicles @ 2029,high,2029,True,True
Electricity dispatched,2592,290,0,1.787835611749494,0.010916327176119012,0.29325973987579346,0.03722409076930399,0.01820172742230273,"Electricity dispatched[M12,H8,Import] @ 2024",high,2029,False,True
Hourly exported electricity,2592,93,0,0.19654448478737835,0.0013182013735744055,0.24042698740959167,0.005482751282528514,0.008367757637540966,"Hourly exported electricity[M1,H12,Waste] @ 2029",high,2029,False,True
Electricity consumed,2592,283,0,1.2509424502645703,0.010916327176119012,0.4673258066177368,0.023359136220457752,0.01820172742230273,"Electricity consumed[M5,H21,Import] @ 2023",high,2029,False,True
Hourly available supply by Supplier,2592,0,0,0.002186431148414548,0.0007195073257078022,10.0,7.195073257078022e-05,3.2303129883353402e-06,"Hourly available supply by Supplier[M3,H9,Hydro] @ 2029",high,2029,True,True
PHS hourly demand,288,5,0,0.016025914417508814,0.001457613708623226,0.12853598594665527,0.01134012158453557,1.980959287415191e-06,"PHS hourly demand[M2,H10] @ 2029",high,2029,False,True
Power by Type,3,0,0,0.0029278492366602007,0.4530881987324449,396.01898193359375,0.001144107276171981,,Power by Type[MFH] @ 2028,high,2029,True,True
Annual CO2 emissions,1,0,0,1.4084155794542119e-05,0.001164692912553278,99.35394287109375,1.172266423351112e-05,,Annual CO2 emissions @ 2028,high,2029,True,True
Electricity and heating and retrofit annual cost,2640,0,0,0.010169058102837861,43741.79471777566,84750208.0,0.0005161261045846125,,"Electricity and heating and retrofit annual cost[Lugano,ElectricHeater,VeryLow,MFH,PVyes] @ 2028",high,2029,True,True
Average levy minus incentives archetype,2640,100,0,0.057490717494217455,4.2459028682797,1408.2916259765625,0.0030149315596018195,,"Average levy minus incentives archetype[Blenio,ElectricHeater,VeryLow,DFH,PVyes] @ 2029",high,2029,False,True
Average tax minus incentives archetype,2640,0,0,2.894919983759059e-06,91085.43480300903,31463886848.0,2.894919983759059e-06,,"Average tax minus incentives archetype[Mendrisio,OilST,High,MFH,PVyes] @ 2013",high,2029,True,True
Batteries,2640,0,0,0.01241698923593104,1.0580896722706257,1340.6737060546875,0.0007892223644665595,,"Batteries[Vallemaggia,ElectricHeater,VeryLow,SFH,Byes] @ 2028",high,2029,True,True
HeatPumps,120,0,0,0.0006302693717757047,0.5945265296068101,3713.818359375,0.00016008497779812343,,"HeatPumps[Vallemaggia,SFH,VeryLow] @ 2029",high,2029,True,True
Total annual electricity consumed,1,0,0,0.0006624160308666706,2.118369108776278,3197.943603515625,0.0006624160308666706,,Total annual electricity consumed @ 2029,high,2029,True,True
Total annual electricity demand,1,0,0,2.7780654442159876e-05,0.08092776612693342,2937.7568359375,2.754746925849895e-05,,Total annual electricity demand @ 2029,high,2029,True,True
Total annual electricity dispatched,1,0,0,0.0007153191730205057,1.8473262387824434,3144.22998046875,0.0005875289817404003,,Total annual electricity dispatched @ 2029,high,2029,True,True
