real,dims,mdl,vpmx,n_diff/abs
Annual V available weight,,0.0,2.483959913253784,2.483959913253784
Dummy BEV,,0.0,-0.1308480054140091,0.1308480054140091
Coeff High,"Type,Performance",0.0,12.140629768371582,3.0
Coeff Moderate,"Type,Performance",0.0,31.426830291748047,9.0
Grid HS weight,,-1.07405,-1.2828199863433838,0.20876998634338384
PE battery weight,,0.0,1.3989200592041016,1.3989200592041016
Alpha battery Type,Type,0.0,1.9152059704065323,2.0
"""Delta 30 - 100 kW""",,-4.0,-4.095379829406738,0.09537982940673828
PV nonRes Eco weight,,0.0,0.2514840066432953,0.2514840066432953
Peer effect V weight,,0.0,1.7054100036621094,1.7054100036621094
Alpha battery,,-2.0,0.9279400110244751,2.927940011024475
Coeff Low,"Type,Performance",0.0,48.74642966687679,12.0
Coeff VeryLow,"Type,Performance",0.0,91.18263603746891,15.0
Dummy HEV,,0.0,0.7447180151939392,0.7447180151939392
Dummy Petrol,,0.0,1.616729974746704,1.616729974746704
Dummy PHEV,,0.0,2.0,2.0
PV for HP weight,,1.58527,1.8188199996948242,0.23354999969482426
Double Tech weight,,2.06021,2.303309917449951,0.24309991744995108
HP for PV weight,,0.633217,0.993556022644043,0.36033902264404294
Share of consumers considering PV weight,,1.68632,1.866610050201416,0.18029005020141597
"""Delta > 100 kW""",,-4.0,-4.3054399490356445,0.30543994903564453
Import marginal cost dummy variable,,0.0,68.78119659423828,68.78119659423828
PV Eco weight,,0.134555,0.11447899788618088,0.02007600211381913
Alpha Type,Type,0.765469,0.8112040162086487,1.0
House Value weight,,17.0893,20.231700897216797,3.1424008972167954
House Value Utility PV weight,,1.69736,2.1133298873901367,0.41596988739013674
Peer effect HS weight,,2.53549,1.6849299669265747,0.8505600330734251
Alpha old,,-1.43879,-1.0903899669647217,0.34840003303527833
Green Utility V weight,,0.0,-5.622879981994629,5.622879981994629
Economic Utility V weight,,0.0,-3.3251500129699707,3.3251500129699707
Economic Utility weight,,-0.767666,-1.3283300399780273,0.5606640399780274
