,Adoption Battery Type[SFH],Adoption Battery Type[DFH],Adoption Battery Type[MFH],Adoption HP Type[SFH],Adoption HP Type[DFH],Adoption HP Type[MFH],Adoption PV Type[SFH],Adoption PV Type[DFH],Adoption PV Type[MFH],Adoption Vehicles[BEV],Adoption Vehicles[DieselHEV],Adoption Vehicles[PetrolHEV],Adoption Vehicles[Diesel],Adoption Vehicles[Petrol],Adoption Vehicles[DieselPHEV],Adoption Vehicles[PetrolPHEV]
2011,1e-05,0.0,1e-05,798.4613240221215,105.43076101382765,120.7376284277902,172.8314339806722,39.5155628156554,26.817722534812237,156.53715104230145,173.48399396640485,219.8643989791606,7106.708757515604,4958.933365213913,66.78388167150015,96.50095161111662
2012,1e-05,0.0,1e-05,815.0605623071115,114.10141885704282,138.185105672269,215.49036077910407,49.528315142372776,35.15476615513851,236.81197205560917,260.3285203431942,331.3105014601061,6569.386601358759,5133.120651375656,102.42062860972067,145.43362479695367
2013,1e-05,0.0,1e-05,848.3241492233839,124.48331186742816,172.57128138490472,270.689558556303,62.40815990070593,46.94841818371697,313.59130424721053,362.97671935108076,467.47953497348175,5984.406471907603,5305.739801979287,142.94471696214706,201.6739505791903
2014,1e-05,0.0,1e-05,865.6445069267315,131.42242802398795,176.27401329555434,335.7161969562755,77.46156557671864,59.84567004444709,392.4981158521406,467.8081609104097,606.3186161487447,5424.440761866479,5440.068693321203,187.26124314325838,260.4169087577641
2015,1e-05,0.0,1e-05,827.0132768232992,124.44691040207508,179.70853262369263,451.3447690998853,104.68141368008133,85.84352824352372,400.5396761385507,538.6200274921252,708.3534599156372,4865.225406358261,5742.908883625132,219.2597924371612,303.90525403313205
2016,29.57016348154562,0.0,1.1668389875869067,1040.4327013949778,179.8235373132896,220.3804485484681,388.93161560023395,88.66308354434732,73.35574466556338,450.97974908337824,622.2512192155652,819.3987020727474,4518.358000825562,5756.123951775128,258.2070840630021,353.4937929646154
2017,35.68112159697602,0.0,1.4988009904826307,1105.6033609390256,196.32296591429403,243.13487515504983,404.8687083310576,91.86902489808054,80.4990772646782,544.8240771464965,711.9388298835477,930.0245661685195,4232.812874879494,5645.849878854926,305.1771767661478,408.18509630087027
2018,53.1383091737622,0.0,1.7865258080758384,1399.723181935309,244.93819967929198,271.0636139897571,430.7683880423884,97.89971654902155,70.16307716663843,655.5487074325697,808.0817281431425,1040.8049442419538,3985.6001670341566,5465.052312153872,358.34983329984715,465.3748076944583
2019,78.40427426951487,0.0,3.011961802348461,1425.6638152666387,254.21716723698648,272.5043238840207,497.0969081795005,114.10064761532723,85.54321842163702,621.60854631016,919.1141937710931,1134.880463085187,3768.8665559762626,5450.575378720503,396.93450662904877,486.8328555077447
2020,113.44517920721925,0.0,4.644648967612262,1405.3650832417354,244.1271359411282,260.3164830056398,581.7957683492838,132.41207508265336,106.28178457891615,568.7624022319399,950.1055636982123,1179.228550907634,3566.37474563175,5603.913331296099,411.13643557674686,499.2914706576171
2021,166.0421577502558,0.0,7.3879440595087535,1498.9702769295318,272.5935820410287,286.8867713341497,726.8762416879442,167.33070512330224,138.7415556100705,689.5822937212339,1055.293650379935,1291.84603210261,3472.633892717396,5254.851860813319,466.8787456340369,547.7260246314688
2022,254.72159703760596,0.0,10.041293751968801,1766.1520924320616,362.156481669311,357.16086697779747,1043.9377704061988,243.48206677612572,179.44448777209925,1050.1080430578968,1203.1129234954315,1417.9505730512217,3346.24295838745,4561.625223028083,570.5671890428836,629.2055899370328
2023,444.7814011203688,0.0,20.990681032494038,1694.923468759669,339.42727163061113,305.3931323195571,1522.0142379388328,361.25793981827337,272.80603695041236,913.5989354082574,1172.8450438712637,1184.2201878244305,4576.206899402977,3917.494211114578,508.0880754615063,506.35914691698673
2024,810.1242937704214,0.0,63.60200188874637,1635.2148495900374,313.1972378840843,298.5016444256915,2109.93504399066,514.4520519196676,534.940147181578,854.744343028632,1258.1737050063066,1270.8659945629995,4484.5006235456485,3838.998802508445,536.2999256917075,535.2291056562616
