Voce;Priorità Alta;Priorità Bassa
Accumulatori domestici;6;0
Allacciamento alla rete di calore;6;0
Prezzi di mercato;6;0
Obbligo di una minima efficienza energetica;5;0
Incentivi pannelli fotovoltaici;5;1
Maggiore diffusione delle comunità energetiche;5;0
Maggiore diffusione stazioni di ricarica pubbliche;5;0
Maggiore sistemi di accumulo centralizzati;5;1
Incentivi stazioni di ricarica elettriche;4;2
Cambiamento climatico;4;2
Elettrificazione dell'industria;4;2
Tensioni geopolitiche-mancanza materie prime;4;1
Incentivi tecnologie di riscaldamento rinnovabili;3;3
Restrizioni su riscaldamento da fonti fossili;3;2
Imposizione minimo autoconsumo;3;3
Contratti di fornitura da fonti extra-cantonali;3;3
Incentivi auto;2;3
Divieto acquisto veicoli a combustione interna;2;4
Cambiamento demografico;2;3
Diffusione di home office;1;5
Divieto veicoli a combustione in Paesi confinanti;1;4
Restrizioni su edifici con obblighi di rinnovabile;0;6
Efficienza elettrodomestici;0;6
Diffusione di impianti solari alpini;0;6
Ripopolamento delle valli;0;6
De-industrializzazione;0;6
