Time,2011,2012,2013,2014,2015,2016,2017,2018,2019,2020,2021,2022,2023,2024
Adoption Vehicles[Petrol],9877.55,8740.31,7881.96,8395.38,7851.76,7773.45,7313.11,7661.76,8479.23,7991,6667.47,5750.18,5508.04,6581.35
Adoption Vehicles[Diesel],5768.94,6888.13,7627.98,7613.4,7806.37,6824.38,5815.18,3900.6,1883.6,1458.33,888.479,0,0,0
Adoption Vehicles[PetrolHEV],283.051,342.328,522.305,483.059,558.855,665.83,739.663,825.077,1085.61,1532.58,3040.36,3445.17,3642.68,4610.56
Adoption Vehicles[PetrolPHEV],0,3,4.17996,23.4199,134.8,219.778,224.376,241.493,199.911,426.089,1272.28,1405.91,1267.25,1173.76
Adoption Vehicles[DieselHEV],0,40,34.3995,28.3191,37.7588,23.6785,0,24.0984,174.058,312.956,570.593,674.626,817.979,866.75
Adoption Vehicles[DieselPHEV],0,0,4,2.23995,8.35993,10.8398,8.43971,9.85963,0,4.15957,43.2795,28.7391,53.1788,30.9982
Adoption Vehicles[BEV],14.7187,28.1986,33.4583,90.958,133.817,135.956,142.794,183.633,362.511,692.587,1357.32,1792.66,1877.61,1887.83
"Adoption Vehicles District[Bellinzona,Petrol]",1565.73,1260.97,1118.55,1260.33,1435.84,1354.49,1251.24,1348.04,1232.26,1162.76,1098.72,1023.69,1090.17,1135.87
"Adoption Vehicles District[Bellinzona,Diesel]",922.967,1012.44,1118.27,1094.24,1182.32,1069.45,1023.4,789.738,453.476,262.398,152.462,62.1872,0,139.74
"Adoption Vehicles District[Bellinzona,PetrolHEV]",35.919,30.7786,76.2184,63.2975,68.3569,105.536,123.755,119.754,155.153,265.352,448.729,505.304,579.859,702.353
"Adoption Vehicles District[Bellinzona,PetrolPHEV]",0,0,0,1,11.06,22.7199,22.0396,11.2394,25.7193,54.039,197.978,220.376,195.434,157.272
"Adoption Vehicles District[Bellinzona,DieselHEV]",0,4,3.23995,4.41992,5.65987,0.959808,2.95981,2.07978,12.1398,48.7996,72.6191,86.6983,126.377,107.156
"Adoption Vehicles District[Bellinzona,DieselPHEV]",0,0,0,0,0,1,0,2,0.119976,0.119976,6.11998,6.4799,8.83983,3.31974
"Adoption Vehicles District[Bellinzona,BEV]",2.13977,6.19976,1.4997,5.4997,11.7397,11.3395,22.8794,31.0792,51.6989,77.4583,176.597,303.436,350.292,327.948
"Adoption Vehicles District[Blenio,Petrol]",175.208,136.987,115.428,193.668,118.768,117.248,127.789,65.1092,100.77,136.891,103.351,78.8314,112.992,135.433
"Adoption Vehicles District[Blenio,Diesel]",90.4919,132.491,141.83,116.409,162.128,183.367,99.5057,88.1854,79.0852,80.3851,63.7451,41.0852,8.10558,32.2663
"Adoption Vehicles District[Blenio,PetrolHEV]",4.17996,0,5.35993,2.65987,4.77984,6.0198,7.31974,10.6797,12.2196,14.8194,33.5393,40.3389,45.4385,62.7181
"Adoption Vehicles District[Blenio,PetrolPHEV]",0,0,0,0,1,2.05999,0.179964,1.17996,4.23995,8.4799,12.9598,16.6797,9.57948,12.9994
"Adoption Vehicles District[Blenio,DieselHEV]",0,1,1.05999,0,0.059988,0,0,0,0,4,2.23995,1.35993,8.41992,5.89982
"Adoption Vehicles District[Blenio,DieselPHEV]",0,0,0,0,0,0,0,0,0,0,0,1,1.05999,1.11998
"Adoption Vehicles District[Blenio,BEV]",0,0,0,1,1.05999,1.11998,0,2.11998,5.23995,9.53989,15.0798,20.9196,27.0594,28.4991
"Adoption Vehicles District[Leventina,Petrol]",230.227,172.248,70.9088,91.811,136.633,160.694,143.555,121.636,145.697,182.558,117.878,120.419,182.44,153.481
"Adoption Vehicles District[Leventina,Diesel]",213.043,220.782,252.52,274.698,229.656,238.315,225.094,154.672,94.6923,142.053,45.4127,14.9538,0,16.2567
"Adoption Vehicles District[Leventina,PetrolHEV]",3.4799,2.65987,4.77984,2.0198,8.07978,7.4997,9.85963,11.3395,14.8794,28.5993,60.099,73.3983,83.2975,120.557
"Adoption Vehicles District[Leventina,PetrolPHEV]",0,0,0,0,1,3.05999,1.23995,8.29994,1.77984,0.839832,24.8398,16.2795,31.1194,4.79904
"Adoption Vehicles District[Leventina,DieselHEV]",0,2,0.119976,0.119976,2.11998,0,0.179964,2.17996,3.29994,1.4799,16.5399,10.4997,7.03959,12.3395
"Adoption Vehicles District[Leventina,DieselPHEV]",0,0,0,0,0,0,0,0,0,1,0.059988,0.059988,0,0
"Adoption Vehicles District[Leventina,BEV]",1.11998,0.179964,2.17996,1.29994,0,1.29994,0.359928,1.35993,2.41992,17.5399,25.5597,20.9994,38.0792,31.1188
"Adoption Vehicles District[Locarno,Petrol]",1872.2,1614.54,1506.1,1471.79,1206.39,1369.12,1191.54,1264.55,1486.73,1257.67,1218.42,946.143,423.931,1110.68
"Adoption Vehicles District[Locarno,Diesel]",818.482,1010.1,1093.67,1109.12,1193.19,1127.09,953.62,703.735,416.594,313.937,249.881,66.0648,0,59.8206
"Adoption Vehicles District[Locarno,PetrolHEV]",41.1782,54.0978,90.6773,62.2963,92.9358,89.2549,89.0942,119.693,140.912,211.091,504.109,540.104,603.638,884.332
"Adoption Vehicles District[Locarno,PetrolPHEV]",0,1,1.05999,1.11998,29.18,28.9196,33.5393,41.3389,36.4985,54.2382,175.938,195.776,206.214,188.651
"Adoption Vehicles District[Locarno,DieselHEV]",0,2,4.11998,3.35993,2.53989,5.65987,0,5.77984,25.0798,49.5195,73.3389,86.4181,90.0372,96.5963
"Adoption Vehicles District[Locarno,DieselPHEV]",0,0,0,0,2,2.11998,4.23995,0.479904,0.479904,1.4799,9.53989,3.07978,7.19976,3.55969
"Adoption Vehicles District[Locarno,BEV]",5.95981,1.25975,6.25975,24.5597,22.9394,26.1392,23.4589,31.5387,58.0384,119.038,242.516,278.014,311.831,384.788
"Adoption Vehicles District[Lugano,Petrol]",4055.22,3860.48,3438.17,3634.31,3441.5,3210.55,3140.77,3348.56,3809.65,3513.31,2777.33,2533.41,2498.62,2834.18
"Adoption Vehicles District[Lugano,Diesel]",2602.03,3181.95,3358.45,3441.54,3471.42,3010.02,2524.18,1545.51,504.478,565.013,162.887,0,0,0
"Adoption Vehicles District[Lugano,PetrolHEV]",143.136,156.394,226.013,218.35,236.548,295.226,306.783,374.221,528.897,719.852,1417.77,1604.45,1596.85,1938.92
"Adoption Vehicles District[Lugano,PetrolPHEV]",0,1,3.05999,15.24,71.1398,129.339,119.777,136.196,90.2148,223.054,646.632,683.924,584.277,584.472
"Adoption Vehicles District[Lugano,DieselHEV]",0,27,16.6197,11.5195,21.0594,18.1392,0,17.5591,107.339,164.458,290.636,362.833,429.389,476.764
"Adoption Vehicles District[Lugano,DieselPHEV]",0,0,2,1.11998,3.17996,8.35993,1.83983,6.89982,0,0,24.9598,12.3995,25.9994,21.3791
"Adoption Vehicles District[Lugano,BEV]",3.27954,11.3395,19.8794,43.8992,77.2987,75.5579,76.4571,86.1764,191.256,336.394,634.63,831.663,806.414,803.966
"Adoption Vehicles District[Mendrisio,Petrol]",1455.21,1282.05,1245.45,1340.24,1150.38,1244.42,1093.06,1213.19,1280.59,1346.61,929.888,777.214,907.92,912.465
"Adoption Vehicles District[Mendrisio,Diesel]",843.534,970.309,1308.2,1244.51,1188.04,838.637,673.074,370.774,155.177,0,64.9496,0,18.6023,0
"Adoption Vehicles District[Mendrisio,PetrolHEV]",43.5387,81.7582,110.137,118.956,130.955,142.314,158.972,169.231,190.669,246.948,484.106,544.821,608.695,729.789
"Adoption Vehicles District[Mendrisio,PetrolPHEV]",0,0,0,6,12.3599,29.0798,42.7594,37.159,36.0786,73.8182,181.717,223.855,211.913,195.531
"Adoption Vehicles District[Mendrisio,DieselHEV]",0,4,7.23995,6.65987,7.0198,0.379724,0,0,23.0198,39.3395,93.5591,103.898,135.537,137.735
"Adoption Vehicles District[Mendrisio,DieselPHEV]",0,0,2,1.11998,3.17996,0,4.23995,0.479904,0,3.41992,0,5.53989,7.83983,2.25975
"Adoption Vehicles District[Mendrisio,BEV]",1.9796,8.9796,3.39952,7.45951,13.7594,19.4193,12.3791,19.859,42.7588,103.978,214.737,272.795,281.612,233.069
"Adoption Vehicles District[Riviera,Petrol]",316.526,242.346,196.546,209.107,232.687,176.888,219.849,180.689,295.31,227.07,284.57,160.609,168.091,220.352
"Adoption Vehicles District[Riviera,Diesel]",214.563,258.241,231.079,252.698,276.156,237.514,231.993,176.752,118.851,82.3515,70.7522,4.67307,7.87463,3.73605
"Adoption Vehicles District[Riviera,PetrolHEV]",6.89982,11.2597,8.85963,6.27954,6.5195,11.7594,31.2993,15.979,23.6389,28.7187,64.0384,87.3977,78.9568,114.736
"Adoption Vehicles District[Riviera,PetrolPHEV]",0,1,0.059988,0.059988,5.05999,3.35993,1.53989,2.59988,3.71986,8.89982,21.3797,35.5795,23.5591,17.6989
"Adoption Vehicles District[Riviera,DieselHEV]",0,0,2,3.11998,0,0.239952,1.23995,0,1.17996,5.23995,16.5399,20.4997,16.6395,26.4793
"Adoption Vehicles District[Riviera,DieselPHEV]",0,0,0,0,0,1,0,0,0,0,2,0.119976,2.11998,0
"Adoption Vehicles District[Riviera,BEV]",0,0,0,6,4.35993,1.59988,3.65987,7.83983,9.25975,14.7397,31.5195,43.2591,40.5987,53.6383
"Adoption Vehicles District[Vallemaggia,Petrol]",207.227,170.686,190.806,194.126,129.566,140.046,145.307,119.987,128.227,164.128,137.308,109.868,123.869,78.889
"Adoption Vehicles District[Vallemaggia,Diesel]",63.8338,101.813,123.953,80.1716,103.451,119.99,84.3095,71.2292,61.249,18.6089,78.3893,2.88902,1.76965,37.7702
"Adoption Vehicles District[Vallemaggia,PetrolHEV]",4.71986,5.95981,0.259748,9.19976,10.6797,8.21956,12.5795,4.17936,19.2394,17.1992,27.979,49.3587,45.9382,57.1578
"Adoption Vehicles District[Vallemaggia,PetrolPHEV]",0,0,0,0,4,1.23995,3.29994,3.4799,1.65987,2.71986,10.8398,13.4397,5.15957,12.3395
"Adoption Vehicles District[Vallemaggia,DieselHEV]",0,0,0,0,0,0,0,0,2,0.119976,5.11998,2.41992,4.53989,3.77984
"Adoption Vehicles District[Vallemaggia,DieselPHEV]",0,0,0,0,0,0,0,0,0,0,1,0.059988,1.05999,0.119976
"Adoption Vehicles District[Vallemaggia,BEV]",0.239952,0.239952,0.239952,1.23995,3.29994,0,4.41992,3.65987,1.83983,13.8998,16.6797,21.5795,21.7193,24.799
