Time,2011,2012,2013,2014,2015,2016,2017,2018,2019,2020,2021,2022,2023,2024,2025
Adoption Battery District[Bellinzona],0,0,0,0,0.454148,0.752751,2.34454,4.96295,4.71325,7.79402,19.727,36.1765,62.6331,65.3456,
Adoption Battery District[Blenio],0,0,0,0,2.84E-05,0.372791,1.16111,2.45784,2.33418,3.8599,9.76954,17.916,31.0183,32.3616,
Adoption Battery District[Leventina],0,0,0,0,1.5E-05,0.197149,0.614046,1.29982,1.23442,2.04129,5.16659,9.4748,16.4039,17.1143,
Adoption Battery District[Locarno],0,0,0,0,0.000133605,1.75283,5.45943,11.5566,10.9751,18.1489,45.9356,84.2396,145.846,152.162,
Adoption Battery District[Lugano],0,0,0,0,0.00019426,2.5486,7.93795,16.8031,15.9577,26.3883,66.7899,122.483,212.058,221.241,
Adoption Battery District[Mendrisio],0,0,0,0,0.000117758,1.54493,4.81189,10.1859,9.67338,15.9963,40.4872,74.248,128.547,134.114,
Adoption Battery District[Riviera],0,0,0,0,2.40434E-05,0.315438,0.982474,2.07971,1.97507,3.26607,8.26654,15.1597,26.2463,27.3829,
Adoption Battery District[Vallemaggia],0,0,0,0,1.07E-05,0.139797,0.435415,0.921691,0.875317,1.44746,3.66358,6.71849,11.6319,12.1356,
Buildings PV Bno District[Bellinzona],19.8342,21.8342,35.8342,71.8342,126.38,221.627,273.283,368.32,440.607,546.813,652.086,764.909,954.276,1422.93,
Buildings PV Bno District[Blenio],1.0577,1.0577,1.0577,3.0577,5.83279,12.46,22.2989,39.841,59.5069,74.647,91.8774,97.9614,115.943,191.582,
Buildings PV Bno District[Leventina],3.00947,4.00947,5.00947,15.0095,17.8905,32.6934,38.0793,47.7795,58.5451,66.5038,76.3372,101.862,128.459,196.344,
Buildings PV Bno District[Locarno],20.7706,37.7706,72.7706,129.771,206.713,374.96,476.501,571.944,662.969,805.82,941.885,1107.64,1355.8,1858.64,
Buildings PV Bno District[Lugano],43.9832,68.9832,120.983,179.983,272.446,552.897,753.959,1039.16,1278.2,1507.81,1746.02,1982.54,2404.48,3386.24,
Buildings PV Bno District[Mendrisio],5.7912,29.7912,57.7912,114.791,212.859,336.314,396.502,483.316,539.643,596.647,654.16,721.912,815.365,1139.25,
Buildings PV Bno District[Riviera],1.02244,3.02244,6.02244,16.0224,24.8321,61.5167,77.5342,98.4545,114.479,133.213,146.947,164.787,217.541,286.158,
Buildings PV Bno District[Vallemaggia],1,1,3,6,14.9157,35.7759,46.3404,52.4188,57.5434,67.096,76.4324,94.7139,117.082,194.946,
Buildings PV Bno Type[SFH],82.0684,145.068,273.068,486.068,795.754,1454.6,1851.33,2378.19,2805.42,3280.39,3745,4249.36,5139.42,7341.7,
Buildings PV Bno Type[DFH],1,1,1,1,1,1,1,1,1,1,1,1,1,1,
Buildings PV Bno Type[MFH],13.4003,25.4003,35.4003,61.4003,100.114,190.64,254.164,348.039,434.072,552.164,679.743,831.964,1017.53,1383.38,
Adoption Battery Type[SFH],0,0,0,0,0.426439,7.15032,22.2706,47.1427,44.7708,74.0348,187.385,343.638,594.947,620.712,
Adoption Battery Type[DFH],0,0,0,0,0,0,0,0,0,0,0,0,0,0,
Adoption Battery Type[MFH],0,0,0,0,0.0282335,0.473969,1.47624,3.12492,2.96769,4.9075,12.4211,22.7785,39.4369,41.1448,
Adoption PV District[Bellinzona],3,15,37,55,96,55,100,77,114,125,150,252,534,371,194
Adoption PV District[Blenio],0,0,1,3,7,12,21,22,20,28,25,49,108,67,13
Adoption PV District[Leventina],1,1,11,4,15,6,12,12,10,15,35,44,85,64,27
Adoption PV District[Locarno],17,35,58,78,170,107,107,103,161,182,250,394,655,553,301
Adoption PV District[Lugano],26,52,59,94,283,209,302,255,256,305,359,634,1203,916,404
Adoption PV District[Mendrisio],24,28,57,99,125,65,98,65,73,99,142,222,458,287,140
Adoption PV District[Riviera],1,4,10,9,37,17,23,19,23,23,33,79,96,62,39
Adoption PV District[Vallemaggia],1,3,3,9,21,11,7,5,12,14,26,34,90,66,21
Adoption PV Performance[VeryLow],27,48,85,108,255,173,244,173,206,279,362,595,1166,929,502
Adoption PV Performance[Low],24,42,67,113,227,141,180,166,183,218,283,491,944,652,301
Adoption PV Performance[Moderate],11,21,38,60,126,78,112,106,131,137,177,284,512,367,150
Adoption PV Performance[High],9,19,35,52,108,66,96,86,109,114,147,246,443,315,131
Adoption PV Performance[VeryHigh],2,8,13,19,40,25,39,30,40,44,53,92,164,125,56
Adoption PV Type[SFH],50,108,172,254,531,326,426,381,431,503,649,1178,2218,1518,739
Adoption PV Type[DFH],13,20,41,60,135,93,148,91,118,149,199,307,605,429,197
Adoption PV Type[MFH],12,10,26,39,91,65,97,89,123,140,175,225,407,442,205
Buildings District[Bellinzona],13054,13178,13324,13430,13551,13638,13743,13840,13939,14023,14086,14189,14248,14347,14390
Buildings District[Blenio],5649,5661,5665,5678,5691,5707,5720,5733,5751,5755,5763,5776,5784,5805,5807
Buildings District[Leventina],6108,6121,6137,6151,6164,6179,6198,6213,6228,6242,6261,6273,6294,6327,6333
Buildings District[Locarno],20654,20789,20912,21053,21179,21288,21385,21460,21530,21597,21676,21736,21788,21835,21876
Buildings District[Lugano],33825,34051,34332,34559,34766,34948,35154,35324,35490,35659,35810,35935,36064,36211,36269
Buildings District[Mendrisio],10890,10994,11064,11154,11227,11299,11371,11418,11477,11525,11606,11647,11681,11714,11722
Buildings District[Riviera],2994,3024,3063,3101,3127,3149,3177,3213,3242,3286,3306,3335,3360,3378,3385
Buildings District[Vallemaggia],5444,5465,5487,5510,5533,5555,5571,5587,5607,5620,5643,5665,5688,5699,5702
Buildings Type[SFH],67947,68418,68846,69241,69579,69863,70167,70414,70671,70926,71170,71392,71592,71840,71952
Buildings Type[DFH],16085,16151,16217,16278,16328,16375,16421,16458,16499,16525,16556,16587,16628,16661,16672
Buildings Type[MFH],14587,14715,14922,15118,15332,15526,15732,15917,16095,16257,16426,16578,16688,16816,16861
Buildings Performance[VeryLow],56877,56877,56877,56877,56877,56877,56877,56877,56877,56877,56877,56877,56877,56877,56877
Buildings Performance[Low],29733,29733,29733,29733,29733,29733,29733,29733,29733,29733,29733,29733,29733,29733,29733
Buildings Performance[Moderate],6986,7214,7470,7709,7935,8136,8347,8527,8709,8874,9043,9196,9328,9478,9537
Buildings Performance[High],4364,4629,4904,5159,5394,5598,5814,5996,6181,6354,6526,6684,6821,6981,7048
Buildings Performance[VeryHigh],657,830,1000,1158,1298,1419,1548,1654,1764,1869,1971,2065,2148,2247,2289
